{"cameraMode":{"drawMode":0,"name":"Shaded","section":"Shading Mode"},"sceneLighting":false,"audioPlay":false,"sceneViewState":{"m_AlwaysRefresh":false,"showFog":true,"showSkybox":false,"showFlares":true,"showImageEffects":true,"showParticleSystems":true,"showVisualEffectGraphs":true,"m_FxEnabled":true},"in2DMode":false,"pivot":{"x":42.356605529785159,"y":2.3336830139160158,"z":-0.03218451142311096},"rotation":{"x":0.3120407462120056,"y":-0.5882874131202698,"z":0.2629365026950836,"w":0.6981734037399292},"size":4.9446001052856449,"orthographic":false}